HPHM,STIME,PATH,FX
hp1,17:00:00,40074008,直
hp2,17:13:14.787536,40074008-40084009-40094006,直-左-直
hp3,17:08:00,40044007,直
hp4,17:00:48.179871,40074004-40044001,直-左
hp5,17:09:26.666669,40094008-40084007,直-左
hp6,17:00:00,40094008,直
hp7,17:05:40,40024003,右
hp8,17:10:54.545457,40014002-40024003,直-右
hp9,17:09:16.363638,40024003,右
hp10,17:08:12,40014004,直
hp11,17:05:02.675010,40094008-40084007,直-左
hp12,17:00:00,40014002,右
hp13,17:03:00,40084005,左
hp14,17:09:14.400000,40034002,左
hp15,17:10:10.312100,40084005-40054002,直-左
hp16,17:07:49.990395,40094006-40064003,直-左
hp17,17:04:00,40054002,左
hp18,17:00:00,40064009-40094008-40084007,右-直-左
hp19,17:03:40,40024005,左
hp20,17:00:02.894149,40084005-40054006-40064005-40054008,右-左-左-直
hp21,17:05:00.270707,40014002-40024003,直-右
hp22,17:06:45,40074008,左
hp23,17:01:36,40094008-40084007,直-左
hp24,17:06:00,40014002-40024003-40034002-40024001,直-左-直-直
hp25,17:10:20,40094006-40064003-40034002,直-左-左
hp26,17:14:36,40074004-40044001,直-左
hp27,17:06:00,40094008,左
hp28,17:09:00,40084007,左
hp29,17:00:06.099668,40064003-40034006-40064005-40054004-40044007,左-右-直-左-左
hp30,17:05:34.285715,40014004-40044007,直-左
hp31,17:01:53.333332,40024003,右
hp32,17:05:33.333331,40034006,左
hp33,17:05:57.240641,40084005,左
hp34,17:05:20,40014002-40024003,直-右
hp35,17:02:13.846152,40074004-40044001,直-左
hp36,17:00:00,40044007-40074008-40084009,左-直-直
hp37,17:12:10,40064003-40034002-40024001-40014002-40024003,左-直-左-直-右
hp38,17:12:23.076922,40034002,左
hp39,17:05:45,40034002,左
hp40,17:03:15,40084005-40054002,直-左
hp41,17:07:49.912781,40014002-40024005,右-左
hp42,17:09:00,40034006,左
hp43,17:07:00,40044001,左
hp44,17:03:40,40024005,左
hp45,17:00:00,40024005,直
hp46,17:11:07.058825,40094008-40084007,直-右
hp47,17:03:08.571428,40064005-40054006,左-直
hp48,17:04:49.565215,40074008-40084005-40054002-40024005-40054006,左-直-左-左-直
hp49,17:07:28.846156,40074004-40044001,直-左
hp50,17:04:20,40014002-40024003,直-右
hp51,17:08:00,40084009,直
hp52,17:01:00.130909,40094008-40084007,直-左
hp53,17:00:37.695167,40024003-40034002,左-左
hp54,17:01:00,40084007,左
hp55,17:00:58.884874,40084009-40094006-40064003,左-直-左
hp56,17:08:15.295256,40064005-40054004,直-左
hp57,17:05:48,40074008,右
hp58,17:00:18.678611,40094008-40084007-40074004,直-右-直
hp59,17:07:00,40094006,右
hp60,17:06:00,40024003,直
hp61,17:03:24,40074008,直
hp62,17:00:02.626539,40084005-40054004-40044001,左-右-左
hp63,17:10:07.342960,40084009,左
hp64,17:01:00,40024001,左
hp65,17:03:06.415552,40084005,左
hp66,17:06:24,40014002-40024005-40054008,右-直-直
hp67,17:06:00,40044001,左
hp68,17:09:00,40084009,直
hp69,17:10:00,40044001,左
hp70,17:01:00,40034006,左
hp71,17:02:48,40074004,直
hp72,17:00:14.185303,40084005-40054006-40064003,右-左-左
hp73,17:01:00,40074008,左
hp74,17:01:09.961029,40064009,右
hp75,17:11:42.857148,40014004-40044007,直-直
hp76,17:04:24,40034002,左
hp77,17:14:18.062463,40074008-40084005-40054006-40064003-40034002-40024001,左-右-左-左-直-直
hp78,17:04:00,40094008,左
hp79,17:05:27.272730,40024001,左
hp80,17:00:41.092683,40094006-40064005-40054008,左-左-直
hp81,17:01:00,40074008,左
hp82,17:11:36,40074004,直
hp83,17:11:41.193540,40084005,直
hp84,17:02:38.823529,40094008-40084007,直-左
hp85,17:11:25,40094008-40084005-40054004-40044001,右-左-右-左
hp86,17:03:46.153845,40014004-40044007,直-直
hp87,17:01:39.590723,40094006,左
hp88,17:11:13.333331,40074008-40084005,左-右
hp89,17:11:00,40064003,右
hp90,17:04:00,40074004-40044001,直-左
hp91,17:01:00,40024005,直
hp92,17:05:53.076925,40074004-40044001,直-左
hp93,17:13:06.666670,40084005-40054002,直-左
hp94,17:09:12,40084009-40094008-40084005-40054002,左-右-直-左
hp95,17:03:30,40074008-40084009-40094006-40064003,直-左-直-左
hp96,17:06:04.615385,40014004-40044005-40054008,左-右-直
hp97,17:02:36,40074008-40084009-40094008,直-左-左
hp98,17:14:25.790647,40064005-40054008-40084007,左-右-左
hp99,17:02:27.272727,40074008-40084005,左-左
hp100,17:01:00,40084005,左
hp101,17:01:00,40044007,直
hp102,17:07:00,40024003,右
hp103,17:01:00,40084009,直
hp104,17:01:00,40084005,左
hp105,17:01:00,40084009,左
hp106,17:01:00,40044001,左
hp107,17:09:00,40034002,左
hp108,17:02:28.894737,40064005-40054004-40044007,直-左-直
hp109,17:02:00,40074008,直
hp110,17:05:40,40074008-40084009,直-左
hp111,17:00:38.847926,40074008,直
hp112,17:01:08.821811,40064009-40094008,右-左
hp113,17:11:00,40044007,左
hp114,17:02:00,40044007-40074008,左-直
hp115,17:02:00,40044005,右
hp116,17:04:24,40074004-40044001,直-左
hp117,17:02:00,40064003,左
hp118,17:07:00,40084007,左
hp119,17:01:59.635873,40074008-40084005-40054006,左-右-直
hp120,17:02:00,40044005-40054002,左-左
hp121,17:02:00,40024005,直
hp122,17:07:15,40014004-40044007,直-直
hp123,17:05:52.500000,40084009,直
hp124,17:00:50.936556,40074008-40084009,直-左
hp125,17:10:20,40074008,右
hp126,17:11:30,40074008,右
hp127,17:06:46.666669,40034002,左
hp128,17:04:06,40084005-40054004-40044007,左-左-直
hp129,17:00:46.666667,40034002-40024001,直-直
hp130,17:12:48.348909,40094006,左
hp131,17:12:13.333331,40074008,左
hp132,17:00:54,40084007-40074004-40044001,右-直-左
hp133,17:07:00,40014004-40044007-40074008-40084009,直-左-直-直
hp134,17:13:49.411761,40094008-40084007,直-左
hp135,17:12:35.294117,40074008-40084009,直-直
hp136,17:00:18,40074008,右
hp137,17:00:15.882353,40084005-40054002,直-左
hp138,17:11:26.666669,40034002,左
hp139,17:06:50.769228,40014004-40044007,直-直
hp140,17:00:53.380035,40084009,直
hp141,17:06:20.868874,40064005-40054002-40024005-40054008-40084007,右-左-直-右-左
hp142,17:03:00,40074004-40044001,直-左
hp143,17:06:15,40014004-40044007,直-直
hp144,17:00:13.957704,40074008-40084009,直-直
hp145,17:11:16.363638,40074008,左
hp146,17:01:01.992954,40024001-40014002-40024005,左-右-右
hp147,17:03:30,40064005-40054008-40084007,左-右-左
hp148,17:05:30,40084009-40094008-40084009,左-左-直
hp149,17:10:31.764703,40074008,右
hp150,17:01:42.006842,40074008-40084005-40054002-40024005-40054008-40084009,左-直-左-直-左-直
hp151,17:10:56.842106,40074008-40084009-40094008,直-左-左
hp152,17:02:00,40044007-40074008-40084009,左-直-直
hp153,17:14:13.846158,40024005-40054008,直-直
hp154,17:03:00,40074008-40084005-40054004-40044001,左-左-右-左
hp155,17:13:52.836969,40084005-40054002,直-左
hp156,17:09:16,40074008,右
hp157,17:02:00,40024003,直
hp158,17:02:00,40064009,右
hp159,17:04:16.237425,40094006-40064005-40054008-40084009,左-左-左-左
hp160,17:02:14.401877,40074008-40084009,直-左
hp161,17:02:00,40084007,左
hp162,17:13:42,40094008-40084007-40074004,直-右-右
hp163,17:04:08.571428,40024003-40034006-40064009,右-直-右
hp164,17:02:00,40064009,右
hp165,17:11:22.500000,40094008,左
hp166,17:08:00,40044001,左
hp167,17:10:00,40044001,左
hp168,17:00:00,40034002,左
hp169,17:00:49.102296,40014002-40024003-40034006-40064005,直-右-右-右
hp170,17:04:48.351649,40074004-40044005,右-左
hp171,17:05:53.230769,40074008-40084009-40094006,直-左-左
hp172,17:03:46.837716,40074004,直
hp173,17:10:00,40024003,直
hp174,17:09:05.454545,40094008-40084005-40054002,右-直-左
hp175,17:07:21.538462,40074008-40084009-40094006,直-左-直
hp176,17:09:13.846155,40094008-40084007,直-左
hp177,17:00:00,40034002-40024001,直-直
hp178,17:00:00,40014004-40044005-40054008,左-右-直
hp179,17:03:00,40054004,右
hp180,17:03:00,40094008,左
hp181,17:01:26.602564,40084009,左
hp182,17:01:21.818182,40094008-40084007,直-左
hp183,17:02:57.614186,40014002-40024005,右-右
hp184,17:01:30,40094008-40084007,直-左
hp185,17:05:30.109091,40094008-40084007,直-左
hp186,17:00:00,40024005,直
hp187,17:00:00,40034006-40064005-40054004-40044007,右-直-左-直
hp188,17:03:00,40094008,直
hp189,17:04:00,40044007,直
hp190,17:07:34.314382,40094008-40084007,直-左
hp191,17:03:00,40084009,左
hp192,17:00:00,40024005-40054008-40084007,直-右-左
hp193,17:00:00,40094006-40064003-40034002,直-左-左
hp194,17:02:49.154034,40034006-40064009-40094008,直-右-左
hp195,17:05:28.939828,40074008-40084005-40054002-40024005-40054004-40044001-40014002-40024005-40054006,左-直-左-右-右-右-右-左-左
hp196,17:04:27.272727,40074008-40084005,左-左
hp197,17:05:24,40074008,直
hp198,17:00:00,40094008-40084009,左-直
hp199,17:04:10.909092,40034002,左
hp200,17:07:19.090911,40024003,直
hp201,17:10:27.272730,40034002,左
hp202,17:02:33.333333,40074008,右
hp203,17:05:10.570049,40074008-40084009,直-直
hp204,17:10:41.739132,40024005-40054006-40064009,左-右-左
hp205,17:08:36,40034002-40024005-40054002,左-左-左
hp206,17:04:53.333334,40094008-40084007,直-左
hp207,17:03:14.432328,40074004,直
hp208,17:06:12,40014004,左
hp209,17:13:54.545457,40074004-40044001,直-左
hp210,17:04:00.087273,40094008-40084007,直-左
hp211,17:12:26.666669,40074004-40044001,直-左
hp212,17:01:36,40034002-40024001,直-直
hp213,17:03:00,40054008-40084009,左-直
hp214,17:11:38.181816,40014004-40044007-40074008,直-左-直
hp215,17:02:27.272727,40084005-40054006,右-直
hp216,17:00:00,40044005-40054008-40084009,右-左-直
hp217,17:03:00,40024001,左
hp218,17:03:00,40054008,直
hp219,17:00:00,40014004-40044005-40054006-40064009,左-直-右-右
hp220,17:03:30.467706,40084009-40094008,左-左
hp221,17:04:45,40034002-40024001-40014004-40044007,直-左-直-直
hp222,17:00:00,40074008-40084007,左-左
hp223,17:04:12,40074008,直
hp224,17:00:00,40024005,左
hp225,17:00:00,40034006-40064009,直-左
hp226,17:00:00,40094006-40064005-40054006-40064009,左-左-右-左
hp227,17:04:00,40094006,右
hp228,17:06:40,40014002-40024005,右-右
hp229,17:02:04.792482,40084005-40054002,直-左
hp230,17:01:34.285714,40084005-40054004-40044001,左-右-左
hp231,17:14:00,40014004,直
hp232,17:03:00,40094006-40064003-40034002,直-左-左
hp233,17:08:15,40074008,直
hp234,17:03:00,40054008,直
hp235,17:13:57.209304,40084009,直
hp236,17:06:36,40014002-40024005-40054006-40064009-40094006-40064005-40054004-40044007,右-左-右-左-左-直-左-直
hp237,17:00:00,40094006-40064003-40034006,直-左-左
hp238,17:00:00,40024005-40054006-40064009,左-右-左
hp239,17:12:00,40074008,右
hp240,17:15:00,40034006,左
hp241,17:12:48,40074004-40044001,直-左
hp242,17:01:26.911388,40024005-40054008,直-直
hp243,17:00:00,40094006-40064003-40034002,直-左-左
hp244,17:07:07.500000,40074004-40044001,直-左
hp245,17:08:31.213762,40094008-40084005-40054002,右-直-左
hp246,17:01:39.850442,40074004-40044001-40014002-40024001-40014004-40044007,直-右-左-左-直-直
hp247,17:04:04.285713,40074008,右
hp248,17:00:00,40024005-40054008,直-直
hp249,17:00:00,40024005-40054004-40044007,右-左-直
hp250,17:02:53.785489,40014004-40044007,直-直
hp251,17:01:00,40024005-40054008,直-直
hp252,17:04:00,40044005-40054006-40064009,直-右-左
hp253,17:06:55.038508,40014002-40024003,直-右
hp254,17:04:00,40064009,左
hp255,17:05:21.244102,40074008,右
hp256,17:07:15,40014004-40044007,直-直
hp257,17:03:35.805705,40074008,右
hp258,17:01:00,40064005-40054004,直-右
hp259,17:01:00,40074004-40044001,直-左
hp260,17:04:00,40054002,左
hp261,17:01:00,40044005-40054008-40084007,右-右-左
hp262,17:02:15.040872,40074008-40084009,直-直
hp263,17:02:30,40064009-40094008,右-左
hp264,17:12:00,40084007,左
hp265,17:15:00,40074008-40084009-40094006-40064009-40094008-40084005-40054002-40024003,直-左-左-右-右-直-右-右
hp266,17:03:40,40024003-40034006-40064009,右-直-左
hp267,17:02:12.857143,40064005-40054004-40044007,直-左-直
hp268,17:04:38.573762,40064005,左
hp269,17:04:30,40084005-40054002,直-左
hp270,17:01:00,40074004-40044005-40054006,右-直-直
hp271,17:14:30,40074004,直
hp272,17:01:00,40054002-40024001,左-直
hp273,17:11:00,40014004-40044005-40054008-40084007-40074004-40044005-40054002-40024003-40034002-40024005,左-右-右-右-右-左-右-左-左-右
hp274,17:10:20,40094006-40064003-40034002,直-左-左
hp275,17:14:41.858963,40084005-40054002-40024003-40034006-40064005,直-右-右-右-直
hp276,17:03:34.966353,40024003-40034006-40064005-40054004-40044001-40014002,右-右-直-右-右-右
hp277,17:10:20,40084007,左
hp278,17:11:38.181819,40074008,左
hp279,17:02:38.405081,40084007-40074004-40044001,右-直-左
hp280,17:02:36.923077,40034002-40024005-40054004-40044007,左-右-左-直
hp281,17:01:00,40084005-40054002,直-左
hp282,17:14:00,40044007,直
hp283,17:04:00,40064003,左
hp284,17:02:34.381085,40074008-40084009,直-直
hp285,17:04:00,40094006,直
hp286,17:13:00,40024001,直
hp287,17:04:00,40044001,左
hp288,17:01:00,40094008-40084007,直-左
hp289,17:01:00,40024005-40054008,直-直
hp290,17:01:00,40054004-40044007-40074004-40044005,左-左-右-右
hp291,17:05:25.034258,40084009-40094006-40064003,左-直-左
hp292,17:08:20.208062,40094008-40084007-40074004,直-右-直
hp293,17:12:15,40074008-40084009,直-左
hp294,17:10:30,40014004-40044007,直-左
hp295,17:10:36,40074008,右
hp296,17:11:00,40014004-40044007,直-直
hp297,17:01:00,40074008,右
hp298,17:15:00,40024005,左
hp299,17:01:00,40014002,右
hp300,17:12:23.333335,40024001,直
hp301,17:09:00,40024001,直
hp302,17:04:00,40054006,直
hp303,17:09:00,40034002,左
hp304,17:01:00,40094006-40064003-40034002,直-左-左
hp305,17:02:30,40024003-40034006,右-左
hp306,17:09:48,40094008-40084007,直-左
hp307,17:02:03,40074004-40044001,直-左
hp308,17:14:23.076924,40094008-40084007,直-左
hp309,17:11:00,40074004-40044005-40054006,右-直-直
hp310,17:05:30,40084005-40054004-40044007,左-左-直
hp311,17:01:00,40044005-40054008,右-直
hp312,17:11:00,40014004-40044007-40074008,直-左-直
hp313,17:01:00,40084005-40054002-40024005-40054008-40084009-40094008-40084007,直-左-直-左-左-直-左
hp314,17:01:00,40034002-40024001,直-直
hp315,17:13:18.461540,40074008,右
hp316,17:12:04.615386,40084007-40074004-40044001,右-直-左
hp317,17:15:00,40074004-40044001,直-左
hp318,17:01:00,40064009-40094008-40084007,右-直-左
hp319,17:01:00,40024005-40054004,右-左
hp320,17:04:00,40084007,左
hp321,17:09:30,40064003-40034002,左-左
hp322,17:08:30,40074008,右
hp323,17:04:00,40074004,左
hp324,17:04:00,40094008,直
hp325,17:10:00,40024001,左
hp326,17:08:20,40014004-40044007,直-左
hp327,17:01:00,40084005-40054006-40064005-40054004-40044007,右-左-直-左-直
hp328,17:01:00,40064009-40094008,右-左
hp329,17:02:00,40064003-40034002,左-左
hp330,17:03:20,40064003-40034002,左-左
hp331,17:12:53.333331,40084005,左
hp332,17:12:00,40024005,右
hp333,17:05:00,40094008,直
hp334,17:05:00,40054008-40084007,右-左
hp335,17:04:06.622517,40064005,直
hp336,17:02:00,40024003-40034006-40064009,右-直-左
hp337,17:08:00,40014004,左
hp338,17:10:00,40024003,直
hp339,17:12:00,40034006,左
hp340,17:06:12,40014004,直
hp341,17:02:00,40024005,直
hp342,17:02:00,40064005-40054002,右-左
hp343,17:05:00,40084009,左
hp344,17:05:00,40084005,右
hp345,17:02:00,40034002-40024001,直-直
hp346,17:02:00,40084009-40094008,左-左
hp347,17:03:43.636364,40014002-40024003,直-直
hp348,17:02:00,40084007-40074008,左-右
hp349,17:02:00,40044005-40054008-40084007,右-右-左
hp350,17:08:00,40074008,左
hp351,17:02:00,40034002-40024001,直-左
hp352,17:07:07.058823,40094008-40084007,直-左
hp353,17:02:00,40094006-40064009-40094008-40084007,左-右-直-左
hp354,17:02:00,40064005-40054008-40084007,左-右-左
hp355,17:05:00,40064003,左
hp356,17:04:45.709188,40094008-40084005-40054004-40044007,右-左-左-直
hp357,17:13:52.500000,40094008-40084007-40074004,直-右-直
hp358,17:02:00,40084009-40094008-40084005-40054002,左-右-直-左
hp359,17:08:27.715865,40084007-40074004-40044001,右-直-左
hp360,17:02:00,40014004-40044007,直-直
hp361,17:12:53.333331,40084009,左
hp362,17:03:45,40094008-40084007,直-左
hp363,17:02:00,40084007-40074008,左-右
hp364,17:03:35,40024005-40054008,直-直
hp365,17:09:03.690686,40074004-40044007,左-直
hp366,17:02:00,40084007-40074008-40084009,左-直-直
hp367,17:10:40,40014004-40044005-40054008-40084007,左-右-右-左
hp368,17:05:00,40094006-40064003-40034002,直-左-左
hp369,17:07:45,40034002-40024001,直-左
hp370,17:12:50,40074008-40084005,左-左
hp371,17:05:00,40024003,右
hp372,17:12:53.333331,40074008-40084009,直-左
hp373,17:08:46.720742,40084009-40094006-40064003-40034002-40024001,左-直-左-直-直
hp374,17:04:55.384616,40074004-40044001,直-左
hp375,17:05:00,40034002-40024005-40054008,左-直-直
hp376,17:05:46.813187,40094008-40084007-40074004-40044001,直-右-直-左
hp377,17:02:00,40024005,右
hp378,17:05:00,40014004,直
hp379,17:08:40,40014002-40024003-40034006-40064003,直-右-左-左
hp380,17:10:00,40084009,直
hp381,17:09:51.428570,40074008,直
hp382,17:10:00,40074004-40044001,直-左
hp383,17:02:00,40014004-40044007-40074008,直-左-右
hp384,17:02:00,40014002-40024003,直-直
hp385,17:02:00,40044007-40074008-40084009,左-直-直
hp386,17:05:41.250000,40094008-40084005-40054002,右-直-左
hp387,17:13:36,40014002-40024005-40054008-40084007,右-直-右-左
hp388,17:02:00,40024003-40034006-40064009,右-直-左
hp389,17:10:26.666669,40064005,右
hp390,17:05:00,40094008,左
hp391,17:08:52.800000,40014002,右
hp392,17:14:02.400000,40024001,直
hp393,17:13:40,40024005-40054008-40084009-40094008-40084007,直-左-左-直-左
hp394,17:02:55.240084,40014002-40024003-40034006-40064005,直-右-右-直
hp395,17:13:52.258064,40084005-40054004-40044007-40074008-40084009,左-左-左-直-直
hp396,17:10:44.219571,40094008-40084007,直-左
hp397,17:09:25.714284,40074008-40084009-40094006,直-左-直
hp398,17:03:00,40094006-40064003,直-右
hp399,17:07:32.042801,40034002-40024001,直-直
hp400,17:05:00,40094008,左
hp401,17:07:37.831062,40074008-40084009,直-左
hp402,17:02:00,40074008-40084005-40054002,左-直-左
hp403,17:02:00,40084009-40094006-40064003-40034002,左-直-左-直
hp404,17:13:00,40084009,直
hp405,17:12:53.333331,40014004-40044007,直-左
hp406,17:05:25.142857,40034002-40024005,左-左
hp407,17:12:20,40094008-40084007-40074004-40044001,直-右-直-左
hp408,17:02:00,40084005-40054004-40044001,左-右-左
hp409,17:14:00,40074004-40044001,直-左
hp410,17:10:31.764705,40014002-40024005-40054008,右-直-直
hp411,17:02:00,40024005-40054008-40084009,直-左-直
hp412,17:03:00,40014004,直
hp413,17:07:48,40014004,左
hp414,17:03:00,40024005-40054004-40044007,右-左-直
hp415,17:04:53.630229,40074008,右
hp416,17:10:00,40024003,直
hp417,17:03:00,40024005,左
hp418,17:09:40,40014004,直
hp419,17:09:22.594937,40094008-40084007,直-左
hp420,17:03:00,40014002-40024005-40054008-40084009,右-直-左-直
hp421,17:03:00,40054004-40044001-40014002-40024003,右-右-直-右
hp422,17:06:00,40024001,左
hp423,17:06:00,40064009,右
hp424,17:08:18.973617,40014002,右
hp425,17:06:29.051919,40084009,左
hp426,17:04:04.885993,40084005-40054002-40024005,直-左-左
hp427,17:06:00,40034002,左
hp428,17:13:09.230772,40074008,右
hp429,17:03:00,40074004-40044005-40054006,右-直-直
hp430,17:06:42.857142,40074008-40084009,直-直
hp431,17:03:00,40064005-40054004-40044007,直-左-左
hp432,17:05:00,40094008,左
hp433,17:05:37.647624,40074008,右
hp434,17:15:00,40024001,直
hp435,17:04:37.500000,40014004-40044005-40054006,左-直-直
hp436,17:03:00,40084005,直
hp437,17:09:00,40014002-40024005,右-右
hp438,17:06:00,40044001,左
hp439,17:14:12,40074008-40084009,直-直
hp440,17:03:00,40094006-40064003,直-右
hp441,17:05:40.506706,40034002-40024001-40014004-40044007,直-左-直-直
hp442,17:03:00,40014002-40024005-40054008,右-直-直
hp443,17:07:34.285714,40094008-40084007,直-左
hp444,17:03:00,40044005-40054002,左-左
hp445,17:14:27.272724,40014004,左
hp446,17:11:33.333331,40024005,右
hp447,17:11:15,40024003-40034006,右-左
hp448,17:06:00,40074004,直
hp449,17:03:00,40044005-40054008-40084009,右-左-直
hp450,17:13:00,40074008,右
hp451,17:09:00,40044001,左
hp452,17:07:37.815401,40094008-40084005-40054004,右-左-左
hp453,17:09:55.038508,40014002-40024003,直-右
hp454,17:10:44.586373,40094006-40064003-40034002-40024001,直-左-直-直
hp455,17:04:56.004592,40074008,右
hp456,17:06:00,40034006,左
hp457,17:11:34.285715,40024005,左
hp458,17:03:00,40094006-40064003,直-左
hp459,17:13:00,40024001,左
hp460,17:08:36,40014002-40024003-40034002-40024005-40054006,直-左-左-左-直
hp461,17:07:43.098592,40094008-40084005-40054006-40064003,右-右-左-左
hp462,17:04:54.474616,40064003-40034002-40024001-40014004-40044001,左-直-左-左-左
hp463,17:10:23.298775,40064009-40094008,右-左
hp464,17:04:38.571429,40014004-40044005-40054008-40084009,左-右-左-直
hp465,17:05:21.910112,40074008,右
hp466,17:06:00,40024001,左
hp467,17:03:00,40094006-40064003,直-右
hp468,17:09:00,40044001,左
hp469,17:06:00,40054002,左
hp470,17:03:00,40084007,左
hp471,17:10:51.428570,40014004-40044005,左-右
hp472,17:09:11.428570,40024001-40014002-40024003,左-直-直
hp473,17:05:22.857143,40074008-40084005-40054006-40064003,左-右-左-右
hp474,17:12:27.692306,40074008,左
hp475,17:09:20,40024003,右
hp476,17:04:28.526380,40014002-40024005-40054006,右-左-左
hp477,17:07:00,40044007,左
hp478,17:10:15,40074008-40084009,直-直
hp479,17:13:47.264410,40094008-40084007-40074004-40044001,直-右-直-左
hp480,17:04:00,40024005-40054006,左-直
hp481,17:11:00,40074008-40084009,直-直
hp482,17:14:40.000002,40024005-40054008,直-直
hp483,17:04:00,40074004-40044005-40054002-40024003-40034006,右-左-右-右-左
hp484,17:04:00,40084005-40054004-40044001,左-右-左
hp485,17:14:30.960079,40094006,右
hp486,17:09:06.666666,40064005-40054004-40044007,直-左-直
hp487,17:04:00,40034002-40024001,直-直
hp488,17:05:56.327633,40034002-40024005-40054008-40084007,左-直-右-左
hp489,17:13:17.142858,40024005-40054004-40044007-40074008-40084005,右-左-左-左-左
hp490,17:08:32,40074008-40084005-40054002-40024003,左-直-右-直
hp491,17:14:01.333695,40014002-40024003,直-右
hp492,17:07:21.228501,40084005-40054002-40024005,直-左-直
hp493,17:04:00,40024005-40054008,直-直
hp494,17:06:12,40034002-40024001,直-直
hp495,17:09:54.454665,40014004-40044001-40014002-40024005-40054002-40024001,左-右-右-左-左-左
hp496,17:04:00,40014004-40044007-40074008-40084009,直-左-直-直
hp497,17:04:00,40084005-40054002,直-左
hp498,17:04:00,40054006-40064009,右-左
hp499,17:08:36.019281,40084005-40054002-40024003-40034006-40064009,直-右-右-直-左
hp500,17:05:42.652044,40074004,直
hp501,17:06:12.700730,40064005-40054004-40044007,直-左-直
hp502,17:04:00,40044005-40054008-40084007,右-右-左
hp503,17:06:08.648649,40034006-40064009,直-左
hp504,17:11:22.600244,40084005,右
hp505,17:08:12,40074004,直
hp506,17:06:03.134068,40034002-40024005-40054008,左-直-直
hp507,17:04:00,40064005-40054002-40024001,右-左-左
hp508,17:04:00,40024005-40054008,直-直
hp509,17:07:00,40094008,直
hp510,17:14:00,40074008,右
hp511,17:13:03.750000,40084005-40054002,直-左
hp512,17:04:00,40084009-40094008-40084007,左-直-左
hp513,17:07:00,40054002,右
hp514,17:14:00,40074008-40084009,直-直
hp515,17:04:00,40094008-40084007,直-左
hp516,17:04:00,40014004-40044007,直-直
hp517,17:07:38.573762,40064005,直
hp518,17:04:00,40074008-40084009,直-直
hp519,17:04:00,40094008-40084007,直-左
hp520,17:08:25.333333,40014002-40024003,直-直
hp521,17:04:00,40024005-40054004-40044001,右-右-左
hp522,17:05:10,40074004-40044001,直-左
hp523,17:04:00,40014004,直
hp524,17:05:31.177094,40014002-40024003,直-右
hp525,17:06:57.291462,40084007-40074004,右-直
hp526,17:14:46.666669,40074008-40084009,直-直
hp527,17:09:00,40084007,左
hp528,17:14:28.888888,40064005-40054002-40024001,右-左-左
hp529,17:05:00,40014002-40024005-40054008,右-直-直
hp530,17:07:28,40074008-40084009,直-直
hp531,17:09:32.727272,40094008-40084007,直-左
hp532,17:06:30,40084007-40074004-40044001,右-直-左
hp533,17:05:00,40014004,直
hp534,17:12:15.589785,40014002-40024003,直-右
hp535,17:05:00,40064009-40094008-40084007,右-直-左
hp536,17:08:00,40054008,直
hp537,17:08:42,40094008-40084007,直-左
hp538,17:05:00,40094006-40064003,直-左
hp539,17:05:00,40084007-40074008-40084009,左-直-直
hp540,17:09:00,40074004-40044001,直-左
hp541,17:05:00,40014002-40024005-40054008,右-直-直
hp542,17:14:00,40084007,左
hp543,17:05:00,40064009-40094008,右-左
hp544,17:08:00,40044005-40054008,右-直
hp545,17:14:00,40094006,右
hp546,17:13:00,40094008,左
hp547,17:08:50.159453,40074008,右
hp548,17:08:00,40044001,左
hp549,17:08:00,40084007,左
hp550,17:08:52.383323,40064005-40054004,直-左
hp551,17:08:00,40044001,左
hp552,17:05:00,40054004-40044007,左-直
hp553,17:05:00,40084005,左
hp554,17:06:38.058252,40024003-40034006,右-左
hp555,17:05:00,40054002-40024001,左-直
hp556,17:05:00,40034006-40064009,直-左
hp557,17:05:00,40074004-40044001,直-左
hp558,17:08:00,40084005,右
hp559,17:08:49.090910,40074008-40084005,左-左
hp560,17:12:16.240310,40014002-40024003,直-右
hp561,17:08:20,40034002,左
hp562,17:05:00,40064005-40054008-40084007,左-右-左
hp563,17:13:00,40014004-40044007-40074008,直-左-右
hp564,17:12:00,40074008,左
hp565,17:08:25.714286,40094008-40084007,直-左
hp566,17:05:00,40054004-40044007,左-直
hp567,17:05:00,40074004-40044001,直-左
hp568,17:06:18,40094008-40084007,直-左
hp569,17:05:00,40044005-40054008-40084007,右-右-左
hp570,17:08:00,40094006,左
hp571,17:05:00,40064003,左
hp572,17:11:15,40014004-40044005-40054006,左-直-右
hp573,17:09:40.940280,40094008-40084005-40054002,右-直-左
hp574,17:15:00,40054002,左
hp575,17:08:46.666667,40034002-40024001,直-直
hp576,17:06:55,40024005-40054008,直-直
hp577,17:06:49.411765,40024003-40034002-40024005-40054006,左-左-左-直
hp578,17:09:00,40074008-40084009,直-直
hp579,17:05:00,40054004-40044007-40074008,左-左-右
hp580,17:08:00,40094008-40084007,直-左
hp581,17:06:34.285714,40064003-40034002,左-左
hp582,17:05:00,40084005-40054004-40044007,左-左-直
hp583,17:09:07.500000,40094008-40084007,直-左
hp584,17:05:00,40064005-40054008,左-直
hp585,17:05:21.355932,40014004-40044007-40074008,直-左-右
hp586,17:08:00,40074004-40044001,直-左
hp587,17:11:51.141902,40084005-40054004,左-左
hp588,17:09:00,40084009,左
hp589,17:06:00,40054006-40064009,右-左
hp590,17:09:00,40024005,直
hp591,17:10:48,40084009,直
hp592,17:06:25.248800,40014004-40044007-40074008-40084009,直-左-直-直
hp593,17:06:30.102389,40014002-40024005,右-右
hp594,17:11:00,40094008,左
hp595,17:06:00,40074008,右
hp596,17:09:00,40044005-40054006-40064009-40094006-40064003,直-右-左-直-左
hp597,17:09:00,40074004,直
hp598,17:07:38.847926,40074008,直
hp599,17:06:00,40044005-40054008-40084007,右-右-左
hp600,17:09:00,40014002,右
hp601,17:06:00,40014002-40024003-40034006,直-右-左
hp602,17:06:00,40074008-40084009-40094006-40064003-40034002-40024001,直-左-直-左-直-左
hp603,17:09:00,40044005-40054002,左-左
hp604,17:09:00,40084005,右
hp605,17:07:04.334601,40014002,右
hp606,17:12:36.141062,40014002-40024003,直-右
hp607,17:12:35.893720,40034002-40024001,直-左
hp608,17:06:00,40094008-40084007-40074004-40044007,直-右-左-直
hp609,17:14:45,40024005-40054006-40064009,左-右-左
hp610,17:11:28.471579,40094006,左
hp611,17:06:00,40034002-40024001,直-直
hp612,17:06:00,40094008-40084009,左-直
hp613,17:14:45,40024003-40034006-40064009,右-直-右
hp614,17:09:00,40064009-40094008,右-左
hp615,17:15:00,40064005,直
hp616,17:13:30,40074008,左
hp617,17:10:24,40084005-40054004-40044007,左-左-直
hp618,17:10:00,40084005-40054002-40024001-40014002-40024005-40054008-40084009,直-左-左-右-直-左-直
hp619,17:06:20.146843,40014004-40044007-40074004-40044007-40074008,直-左-左-左-右
hp620,17:08:43.636364,40034002,左
hp621,17:06:34.930693,40014004-40044007-40074008,直-左-右
hp622,17:06:00,40014004-40044007-40074008,直-左-右
hp623,17:06:00,40094008-40084007,直-左
hp624,17:06:00,40034002,左
hp625,17:06:24.768324,40014002-40024005-40054008-40084009-40094008,右-直-左-左-左
hp626,17:06:00,40024005-40054008,直-直
hp627,17:08:54.545454,40094008-40084007,直-左
hp628,17:07:38.571429,40014002-40024003,直-直
hp629,17:10:13.333334,40094008-40084007,直-左
hp630,17:06:00,40014002-40024005-40054008,右-直-直
hp631,17:06:00,40084005-40054002,直-左
hp632,17:08:53.975511,40074008-40084005-40054008-40084009-40094008,左-左-左-左-左
hp633,17:12:00,40014002-40024003,直-直
hp634,17:08:00,40094008-40084007,直-左
hp635,17:09:38.823530,40074004-40044001,直-左
hp636,17:13:06.315790,40084007-40074004-40044001,右-直-左
hp637,17:09:00,40044001,左
hp638,17:12:40,40074008-40084009,直-左
hp639,17:06:00,40014002,右
hp640,17:13:44.335443,40094008-40084007,直-左
hp641,17:13:40,40014002-40024003-40034006,直-右-左
hp642,17:09:49.860279,40094008-40084007-40074004-40044007-40074004-40044001,直-右-左-左-直-左
hp643,17:07:47.004471,40034002-40024001-40014004-40044007,直-左-直-左
hp644,17:12:53.684212,40014004-40044007,直-直
hp645,17:10:04,40074008-40084009-40094008-40084007-40074008-40084007-40074004-40044001,直-左-直-左-左-右-直-左
hp646,17:07:00,40094008-40084009,左-直
hp647,17:10:00,40024003,右
hp648,17:10:00,40024001,左
hp649,17:10:00,40074004,直
hp650,17:10:37.529880,40084005-40054002-40024001-40014002-40024005-40054008,直-左-左-右-直-直
hp651,17:12:24,40014004,直
hp652,17:13:11.428570,40074008-40084005-40054006-40064003,左-右-左-右
hp653,17:10:00,40054008,直
hp654,17:10:00,40024001,左
hp655,17:10:00,40054008,直
hp656,17:08:48.663446,40074008,右
hp657,17:10:00,40034006,左
hp658,17:11:00.087273,40094008-40084007,直-左
hp659,17:08:00,40094006-40064003-40034002,直-左-左
hp660,17:08:38.058252,40024003-40034006,右-直
hp661,17:10:00,40094008,左
hp662,17:10:00,40024003,右
hp663,17:09:45.421774,40064009,左
hp664,17:12:37.831062,40074008-40084009,直-左
hp665,17:07:00,40094006-40064003-40034002,直-左-左
hp666,17:14:00,40044001,左
hp667,17:07:00,40024005,直
hp668,17:08:33.594362,40084005-40054002,直-左
hp669,17:10:00,40054008,直
hp670,17:14:59.864341,40014002-40024003,直-右
hp671,17:13:46.773163,40034002,左
hp672,17:10:00,40054008-40084007,右-左
hp673,17:10:00,40034002,左
hp674,17:07:00,40034006-40064003-40034006,左-左-直
hp675,17:14:39.999999,40014002-40024003,直-直
hp676,17:10:00,40054008-40084009,左-直
hp677,17:11:55.864662,40014004-40044007,直-直
hp678,17:08:59.335385,40024005-40054008-40084007,直-右-左
hp679,17:09:00,40024003-40034006,右-左
hp680,17:10:00,40034002-40024001,直-左
hp681,17:07:00,40024005-40054004-40044001,右-右-左
hp682,17:09:06.666667,40074004-40044001,直-左
hp683,17:11:45.106383,40094008-40084007,直-左
hp684,17:07:00,40074004-40044001,直-左
hp685,17:10:48,40074008-40084009,直-直
hp686,17:08:14.915975,40024005-40054008,直-直
hp687,17:07:00,40044005-40054008-40084009,右-左-直
hp688,17:14:51.428570,40074008,左
hp689,17:14:16.363635,40074008,右
hp690,17:08:40,40084005-40054002,直-左
hp691,17:07:00,40024005,直
hp692,17:14:34.285714,40014004-40044007-40074008,直-左-右
hp693,17:07:00,40084005-40054004-40044001,左-右-左
hp694,17:07:00,40094006-40064005-40054004-40044001,左-直-右-左
hp695,17:09:10,40024005-40054008,直-直
hp696,17:08:46.153846,40034002-40024001,直-直
hp697,17:12:04.615386,40084005-40054002-40024001,直-左-左
hp698,17:09:00,40094008,左
hp699,17:07:00,40094006-40064003-40034002,直-左-左
hp700,17:11:22.757493,40074008-40084009,直-左
hp701,17:10:00,40044005-40054008-40084007,右-右-左
hp702,17:08:40.768212,40094006,左
hp703,17:07:00,40024001-40014004-40044007,左-直-左
hp704,17:09:41.486268,40064009-40094008,右-左
hp705,17:12:36,40094008-40084007,直-左
hp706,17:12:19.090908,40094008-40084007,直-左
hp707,17:07:00,40024003,右
hp708,17:08:55.714286,40024005-40054006-40064009-40094006-40064003-40034002,左-右-左-直-左-左
hp709,17:10:42,40094008-40084007-40074004-40044005-40054002,直-右-右-左-左
hp710,17:07:00,40074004-40044001,直-左
hp711,17:13:10.909092,40014002-40024005-40054002,右-左-左
hp712,17:11:00,40084007,左
hp713,17:09:59.760718,40074004,直
hp714,17:11:00,40044007,直
hp715,17:11:00,40054004,右
hp716,17:08:00,40024005-40054008,直-直
hp717,17:11:00,40084007,左
hp718,17:11:00,40094008,直
hp719,17:11:00,40054006,直
hp720,17:09:37.742885,40084007-40074004,右-直
hp721,17:08:00,40014002-40024003,直-右
hp722,17:08:00,40014004,直
hp723,17:11:00,40074008,直
hp724,17:09:55.309558,40074008,右
hp725,17:11:00,40054006,直
hp726,17:11:00,40064009-40094008-40084007,右-直-左
hp727,17:11:00,40084005,直
hp728,17:08:00,40034002,左
hp729,17:11:00,40014004-40044007-40074008-40084009,直-左-直-直
hp730,17:08:00,40024005-40054008-40084009,直-左-直
hp731,17:09:53.364238,40094006,左
hp732,17:09:22.868606,40074008-40084009-40094006-40064003,直-左-直-左
hp733,17:09:00,40074008,右
hp734,17:09:51.797394,40074008,右
hp735,17:08:00,40044005-40054008-40084007,右-右-左
hp736,17:08:00,40014004-40044005-40054006-40064005-40054004-40044001,左-直-左-直-右-左
hp737,17:13:38.571429,40014004-40044001,左-左
hp738,17:12:30,40074004,直
hp739,17:10:47.321705,40074008,右
hp740,17:10:06.300000,40074008,右
hp741,17:09:49.931973,40024003-40034006-40064009,右-直-左
hp742,17:08:00,40024005-40054004-40044007,右-左-直
hp743,17:08:00,40094008-40084007,直-左
hp744,17:08:00,40054004-40044001,右-左
hp745,17:08:00,40014004-40044005-40054008-40084009,左-右-左-直
hp746,17:08:00,40034002,左
hp747,17:09:37.500000,40074008-40084009,直-直
hp748,17:10:18.791209,40074008,右
hp749,17:09:55.309558,40074008,右
hp750,17:08:00,40054004-40044001,右-左
hp751,17:09:13.602103,40034006-40064009,直-左
hp752,17:09:50.936556,40074008-40084009,直-直
hp753,17:09:49.090909,40034006-40064003-40034002,左-左-左
hp754,17:13:40,40084009,直
hp755,17:08:00,40044005-40054008-40084007,右-右-左
hp756,17:08:00,40084009-40094006,左-右
hp757,17:13:20,40014004-40044007,直-直
hp758,17:12:45.592011,40094006,左
hp759,17:08:00,40094008-40084007,直-左
hp760,17:11:09.230770,40084007-40074004-40044005-40054002-40024003-40034002-40024001,右-右-左-右-左-直-左
hp761,17:12:00,40044001,左
hp762,17:09:00,40034006,左
hp763,17:09:00,40024005-40054004-40044001,右-右-左
hp764,17:10:39.395182,40024005-40054006-40064009,左-右-右
hp765,17:09:00,40044001-40014002-40024005,右-右-右
hp766,17:09:00,40064003,左
hp767,17:12:00,40044007,直
hp768,17:10:54,40034002-40024001,直-直
hp769,17:12:00,40084009,直
hp770,17:13:00.087273,40094008-40084007,直-左
hp771,17:12:00,40054008,直
hp772,17:12:27.105263,40014004-40044007,直-左
hp773,17:12:00,40054008,直
hp774,17:12:00,40094006,左
hp775,17:12:00,40094006,左
hp776,17:11:00,40014002,右
hp777,17:09:00,40024005,左
hp778,17:12:00,40024001,左
hp779,17:09:00,40024005,右
hp780,17:12:00,40044001,左
hp781,17:09:00,40094006-40064003-40034002,直-左-左
hp782,17:10:27.272727,40014002-40024003,直-直
hp783,17:12:00,40054008-40084009,左-直
hp784,17:09:00,40084009-40094008-40084007-40074004-40044001,左-直-右-直-左
hp785,17:09:00,40044005-40054002,左-左
hp786,17:09:00,40034006-40064005-40054004-40044007,右-直-左-直
hp787,17:15:00,40084009,直
hp788,17:09:00,40014002-40024003-40034006-40064009-40094006-40064003,直-右-直-左-直-左
hp789,17:12:00,40044001,左
hp790,17:09:00,40064005-40054004-40044007,直-左-直
hp791,17:10:25.800000,40074008,右
hp792,17:10:52.500000,40024003-40034006-40064009,右-直-左
hp793,17:09:00,40074004-40044001,直-左
hp794,17:09:00,40084009-40094006-40064003-40034002-40024001,左-直-左-直-左
hp795,17:12:00,40064009-40094008-40084007,右-直-左
hp796,17:13:19.629101,40094006,左
hp797,17:09:00,40054004-40044001,右-左
hp798,17:09:00,40094006-40064003-40034002,直-左-左
hp799,17:11:23.750927,40024005-40054008,直-直
hp800,17:09:00,40094006-40064003-40034002,直-左-左
hp801,17:10:10,40074008,右
hp802,17:09:00,40064005-40054002-40024001,右-左-左
hp803,17:10:12.057588,40074008,右
hp804,17:15:00,40024005,左
hp805,17:10:57.344398,40024005-40054006,左-左
hp806,17:12:00,40034002-40024005-40054002-40024003-40034002-40024001,左-左-右-左-直-直
hp807,17:11:38.619869,40024005-40054008,直-直
hp808,17:13:25.714287,40024003,直
hp809,17:10:00,40044005-40054008-40084007,右-右-左
hp810,17:13:00,40064003-40034002,左-左
hp811,17:10:00,40014004-40044007,直-左
hp812,17:10:30.102389,40014002-40024005,右-右
hp813,17:13:53.641434,40064005,右
hp814,17:11:33.750000,40074008,右
hp815,17:13:00,40014004,左
hp816,17:10:00,40024005-40054008-40084007,直-右-左
hp817,17:13:00,40024003,右
hp818,17:11:17.616747,40074008,右
hp819,17:13:00,40024005,直
hp820,17:13:57.550446,40014002,右
hp821,17:10:00,40014002-40024003,直-直
hp822,17:13:00,40084005,直
hp823,17:14:12,40084009,直
hp824,17:13:00,40094008,直
hp825,17:13:00,40084007,左
hp826,17:10:00,40034006-40064009-40094008,直-右-左
hp827,17:13:00,40044005-40054008-40084009,右-左-直
hp828,17:10:00,40024005-40054008-40084009,直-左-直
hp829,17:10:00,40094006-40064005-40054008-40084007,左-左-右-左
hp830,17:10:00,40084005-40054002,直-左
hp831,17:14:00,40084005-40054004-40044001,左-右-左
hp832,17:10:00,40074008-40084009,直-直
hp833,17:12:20.578687,40084007-40074004-40044001,右-直-左
hp834,17:10:00,40044005-40054006,直-直
hp835,17:10:00,40094008-40084007,直-左
hp836,17:10:57.681971,40024003-40034006-40064009,右-直-左
hp837,17:10:00,40094008-40084007,直-左
hp838,17:10:00,40024005-40054008-40084009,直-左-直
hp839,17:13:53.671096,40034002-40024001,直-左
hp840,17:10:00,40024005-40054008-40084007,直-右-左
hp841,17:13:22.500000,40024003,右
hp842,17:10:00,40094006-40064003,直-左
hp843,17:11:41.126071,40074004-40044005-40054002,右-左-左
hp844,17:13:00,40064003,右
hp845,17:10:00,40034002-40024001,直-直
hp846,17:13:00,40074008-40084009,直-左
hp847,17:10:00,40034006-40064009,直-左
hp848,17:11:42,40074008,右
hp849,17:11:00,40024005-40054006,左-直
hp850,17:14:00,40054008,直
hp851,17:14:00,40044001,左
hp852,17:11:00,40074004,直
hp853,17:14:00,40024003,右
hp854,17:14:00,40064003,左
hp855,17:14:00,40094006,左
hp856,17:13:56.326531,40074008-40084005-40054002,左-直-左
hp857,17:14:00,40034006,左
hp858,17:11:00,40014002-40024003,直-直
hp859,17:14:00,40084007,左
hp860,17:14:00,40094008,左
hp861,17:11:00,40014002-40024005-40054006,右-左-直
hp862,17:13:00,40044007-40074008-40084009,左-直-直
hp863,17:11:00,40084009-40094006-40064003-40034002,左-直-左-左
hp864,17:12:40,40024005-40054008-40084005-40054002,直-左-直-左
hp865,17:13:00,40094008,直
hp866,17:12:52.977732,40024005-40054008-40084007,直-右-左
hp867,17:13:10.038810,40034002-40024001-40014004-40044007,直-左-直-直
hp868,17:14:00,40014004-40044005,左-直
hp869,17:12:43.636364,40034002-40024003,左-直
hp870,17:11:00,40014004-40044007,直-直
hp871,17:12:41.468683,40074004-40044007,左-直
hp872,17:14:00,40094008,直
hp873,17:11:00,40044005-40054002,左-左
hp874,17:12:12.865731,40024005-40054008,直-直
hp875,17:11:00,40024005-40054006-40064009,左-右-左
hp876,17:11:00,40094006-40064003,直-左
hp877,17:14:00,40094008,左
hp878,17:14:30,40064005-40054004-40044007,直-左-直
hp879,17:13:00,40034002,左
hp880,17:11:00,40034006-40064009,直-左
hp881,17:13:00,40044005-40054008,右-直
hp882,17:11:00,40034002,左
hp883,17:13:26.355140,40074004-40044001,直-左
hp884,17:11:35.119454,40014002-40024005,右-右
hp885,17:11:00,40014002-40024003,直-右
hp886,17:11:00,40034002-40024001,直-直
hp887,17:12:55.079727,40074008,右
hp888,17:12:00,40054004-40044001,右-左
hp889,17:12:00,40024005-40054004-40044001,右-右-左
hp890,17:12:00,40094008-40084007,直-左
hp891,17:12:00,40064005-40054008,左-直
hp892,17:14:36,40084007-40074004-40044001-40014002-40024003,右-直-右-直-直
hp893,17:12:00,40024005-40054008,直-直
hp894,17:13:38.058252,40024003-40034006,右-直
hp895,17:13:42.857143,40074004-40044001,直-左
hp896,17:15:00,40044005-40054008-40084007,右-右-左
hp897,17:12:00,40064003-40034002,左-左
hp898,17:15:00,40034002,左
hp899,17:12:00,40074004-40044001,直-左
hp900,17:12:00,40084007-40074008-40084009,左-直-直
hp901,17:12:39.763314,40014004-40044007-40074008,直-左-直
hp902,17:12:00,40084005-40054002,直-左
hp903,17:12:00,40074004-40044001,直-左
hp904,17:15:00,40024003,右
hp905,17:14:23.530391,40034002-40024001-40014004-40044007,直-左-直-直
hp906,17:12:38.897464,40014004-40044007,直-直
hp907,17:15:00,40064009,右
hp908,17:15:00,40084005,右
hp909,17:12:00,40084005-40054002-40024003-40034002-40024005,直-右-左-左-右
hp910,17:12:00,40024003,直
hp911,17:12:00,40064005-40054004-40044007,直-左-直
hp912,17:12:00,40094006-40064003-40034002,直-左-左
hp913,17:12:00,40054004-40044007,左-直
hp914,17:12:00,40084007-40074008,左-右
hp915,17:12:00,40014002-40024005-40054004-40044001,右-右-右-左
hp916,17:15:00,40024003,右
hp917,17:12:00,40044005-40054006-40064003,直-左-左
hp918,17:12:00,40094008-40084007,直-左
hp919,17:12:00,40024003,右
hp920,17:15:00,40024003,右
hp921,17:12:00,40074004-40044001,直-左
hp922,17:12:00,40094006-40064003-40034002,直-左-左
hp923,17:15:00,40054008,左
hp924,17:13:40.100000,40074008,右
hp925,17:12:00,40014002-40024005,右-左
hp926,17:12:00,40074004-40044001-40014002-40024005-40054008-40084007,直-右-右-直-右-左
hp927,17:14:21.818182,40074008,右
hp928,17:14:06,40074008-40084009-40094006,直-左-右
hp929,17:13:43.636364,40074008-40084009,直-直
hp930,17:12:00,40094006-40064003,直-左
